file,old_hash_sha256,new_hash_sha256,identical
results/final_near_random_truthfulqa_subset/per_seed_results.csv,42545f5edcc69c770bd67957789dc349bc7566959693985fcc567d59d9c88ec7,42545f5edcc69c770bd67957789dc349bc7566959693985fcc567d59d9c88ec7,yes
results/final_near_random_truthfulqa_subset/summary_by_target_and_method.csv,173cfc944a70485bb51e4a7422aa215f0586d73595c4e70ec197ccf4cc2bc1ea,173cfc944a70485bb51e4a7422aa215f0586d73595c4e70ec197ccf4cc2bc1ea,yes
results/final_near_random_truthfulqa_subset/best_method_by_target.csv,618acd718832a85e420bb83e998ebf232f821ffe4a2d2ca7a7c353ec6b4a267e,618acd718832a85e420bb83e998ebf232f821ffe4a2d2ca7a7c353ec6b4a267e,yes
results/final_near_random_truthfulqa_subset/final_table.md,e24b86aea5c4d8721ffc0e4357fc852e1ec47bebd17acca9c2452d5386c915c6,e24b86aea5c4d8721ffc0e4357fc852e1ec47bebd17acca9c2452d5386c915c6,yes
results/final_near_random_truthfulqa_subset/recommendation.md,4c05b132b670f460d2da23c208b991dee0412f84f9300089a65f81815ca44eab,70267a25b6d7b9680dc82d3e830192532ecb2ec5116b17f998bc950e465b7576,no
results/final_near_random_truthfulqa_subset/run_config.json,ac83d313ff47259c4ad47d8b7bd50d5cf62587400a8a9b0005baebcba9eef1d7,ac83d313ff47259c4ad47d8b7bd50d5cf62587400a8a9b0005baebcba9eef1d7,yes
results/final_near_random_truthfulqa_subset/final_subset_ids_350.json,0c2706ba18f4b48308f3b3560aadf27226377b62e9137baeacb9076107c8e3a9,0c2706ba18f4b48308f3b3560aadf27226377b62e9137baeacb9076107c8e3a9,yes
results/final_near_random_truthfulqa_subset/final_subset_ids_375.json,28083705ed00505de68de12a56ab6f86e941ef64c1e935eebb9cb623104f8846,28083705ed00505de68de12a56ab6f86e941ef64c1e935eebb9cb623104f8846,yes
results/final_near_random_truthfulqa_subset/final_subset_ids_400.json,f1dbb2a2fd0e61d30b32e3e6f3a19a83975993673aa14750482ed05750e6c08d,f1dbb2a2fd0e61d30b32e3e6f3a19a83975993673aa14750482ed05750e6c08d,yes
